{
  "mainAssemblyName": "primeskills-scorm-interactive-blazor",
  "resources": {
    "hash": "sha256-Rq4v536f6J8km+s1WwKK/bHLXrqP9GaUM2q/OL0Iik8=",
    "jsModuleNative": {
      "dotnet.native.8.0.7.nwbw798ajy.js": "sha256-HwwB2qlz2hu2EpN+DoKSE0JtfG6ht1rlUjfxHwt3rMU="
    },
    "jsModuleRuntime": {
      "dotnet.runtime.8.0.7.urcsr75yt5.js": "sha256-soZyw6XWXOLKhA26AOyzSpCP5cAsw1wvhdPHSYNTMfQ="
    },
    "wasmNative": {
      "dotnet.native.wasm": "sha256-EBPeg1XnmJq6M6A0UYEDPOgzIj6xmBTZGHEr2df6lv8="
    },
    "icu": {
      "icudt_CJK.dat": "sha256-SZLtQnRc0JkwqHab0VUVP7T3uBPSeYzxzDnpxPpUnHk=",
      "icudt_EFIGS.dat": "sha256-8fItetYY8kQ0ww6oxwTLiT3oXlBwHKumbeP2pRF4yTc=",
      "icudt_no_CJK.dat": "sha256-L7sV7NEYP37/Qr2FPCePo5cJqRgTXRwGHuwF5Q+0Nfs="
    },
    "assembly": {
      "Microsoft.AspNetCore.Components.Forms.wasm": "sha256-dd8H7SyNMVqq6bDX/gq24MvBl1UkXkKErJMaZQ2ghD8=",
      "Microsoft.AspNetCore.Components.wasm": "sha256-TwL/UKNOTBKLbt5sWDv/1p6CiT5kV/W1w+r/fOF//5w=",
      "Microsoft.AspNetCore.Components.Web.wasm": "sha256-ZMX/0m7NXcjD3Sk2rox9OCgG7ukVs/V89+IShL85YnM=",
      "Microsoft.AspNetCore.Components.WebAssembly.wasm": "sha256-3lk/351jh6AEHyfME1fgB4sLbGy6gh+Dx3eQMB3MCe0=",
      "Microsoft.Extensions.Configuration.Abstractions.wasm": "sha256-87sn2TYqgdZ95sXmavjKEzoEfMgHnYQ9LOvnMX+aZcI=",
      "Microsoft.Extensions.Configuration.Json.wasm": "sha256-Sxmy2ZS134URxbHEvdbS6NcQ3zXS7UWx/5ZPpwiW7FA=",
      "Microsoft.Extensions.Configuration.wasm": "sha256-jYqHUZ07UYWc8POk7xhas6xQYH7t1qoTcylqoDqncJk=",
      "Microsoft.Extensions.DependencyInjection.Abstractions.wasm": "sha256-2LvWQBIwiqZff59zLe/LZbJz/OAss+iHcNFhIP/1tHE=",
      "Microsoft.Extensions.DependencyInjection.wasm": "sha256-gg8xZqJsBBrrNEyUGzYqhL3sqkuZ4AHAvdTdL9nZ0S0=",
      "Microsoft.Extensions.Logging.Abstractions.wasm": "sha256-ANHk0gWdcPxR0PG/5Ppt4UT8qlk3d9hn2uRmG3IJ3r4=",
      "Microsoft.Extensions.Logging.wasm": "sha256-8BH+kQfjYuZWxprOICXJ4+tU0OdJOYDKN7G0S3zYYHI=",
      "Microsoft.Extensions.Options.wasm": "sha256-ezKJDNjeghS/qMdQmUpBPdH7bCDLrqkNqS6RsLxlpOY=",
      "Microsoft.Extensions.Primitives.wasm": "sha256-Ms2HR5Gpug/0uRAzdk4SUNT76Ml3CjFv9Jo+dUIMGac=",
      "Microsoft.JSInterop.wasm": "sha256-Bn0+3HZM43HzpL74LGkNAxaCesPtprqqtf90S28SGCA=",
      "Microsoft.JSInterop.WebAssembly.wasm": "sha256-Kr13V+6zGL8rPvFmuBAsaEJfoMlR4Q8keJHKaVGVbGA=",
      "primeskills-scorm-interactive-blazor.wasm": "sha256-i8xaertIM5msiAOXAEoSbwmnYcWsBs5iHUAwpOWatrU=",
      "System.Collections.Concurrent.wasm": "sha256-D7szZll2nuI20rAjVZUm+UKxidB9Xt7XKmeE26NzF0o=",
      "System.Collections.NonGeneric.wasm": "sha256-DL+wT8yuH0DFo5OFHWfZn1WobB4v7wGwfXXC4cGUpJo=",
      "System.Collections.Specialized.wasm": "sha256-FsEfNIIUv/3JloKedc9+8sBDQdzsXK/0Eh4bBT0BdQI=",
      "System.Collections.wasm": "sha256-qsdxdm7ce/7VXmTtEIYY3lAQriEQs53mfr91Qc3tYas=",
      "System.ComponentModel.Primitives.wasm": "sha256-4W6QqzY359HVlnrM2mQ2peI7XOtoDdyymO7H17CZRos=",
      "System.ComponentModel.TypeConverter.wasm": "sha256-ao0Q1XgQpaID6JyG3CMNbvwbmAryVfsNf3rtFjZLmxs=",
      "System.ComponentModel.wasm": "sha256-TglF9Cma6UOoLFYnvaWKbPJjgEG7PgkN5biRsqmZKiQ=",
      "System.Console.wasm": "sha256-kP6cLaO91sASmJQSca948LrvzLf6GuMGAAYbTWhv73E=",
      "System.Diagnostics.DiagnosticSource.wasm": "sha256-vhvbiRyrhVmCNonwx7lhUTFAyQUg8q9Q0ZSJ+ZeQbLI=",
      "System.Linq.Expressions.wasm": "sha256-gO+5NvRXFKbtb1naPAfILk8wenOgfJrE4entcRUnjPM=",
      "System.Linq.wasm": "sha256-Aw2N+2MiuQJNDNH+cYO/xnZjxIf5nBz2VWjhhF9asns=",
      "System.Memory.wasm": "sha256-XGCX4KMG4gBr7z97CjHi7eVRtnhR0zg8XcrW8MFeXLs=",
      "System.Net.Http.Json.wasm": "sha256-bErA3rXpA4WbKdOzbwYz7OdrqNY3lBuIyMBWqTafoVw=",
      "System.Net.Http.wasm": "sha256-tCiE3EwegfJqvvYYTMckHjVWfPeXMucTu68Jv/gCXAs=",
      "System.Net.Primitives.wasm": "sha256-pvIZ9QdJ8DSUQqtaJ7T2Y9eMJIhPUf9ERdwXmhE95Fc=",
      "System.ObjectModel.wasm": "sha256-erq502Ta5h/zj6gEyBZeFnJ9K6deyFstG3R+W+MlCAI=",
      "System.Private.CoreLib.wasm": "sha256-Ni9x2mRTIYv4vk0UU4ySSvILX1UnF/SixF4nj7xZJVA=",
      "System.Private.Uri.wasm": "sha256-WW/MlDBya8TG4sNrRcaK8VgmBq2JiVcW+akI8aJM7TI=",
      "System.Runtime.InteropServices.JavaScript.wasm": "sha256-8m7q6IfvTajy/UhTPL/oSXLq+HE7txOHKCFLDDkFoyA=",
      "System.Runtime.Serialization.Primitives.wasm": "sha256-6f1h+XcNFehH/PT/HDntV0/4dne387HI0YxmMsTfQ5k=",
      "System.Runtime.wasm": "sha256-iPAju0DVgwOvcAVPtvmTBN5KftOiU/VyqNMkgnzKQHw=",
      "System.Text.Encodings.Web.wasm": "sha256-4ASLPI+R+3lvUZI8lVAOpIPzNEwiqbxX910GoFqMC+A=",
      "System.Text.Json.wasm": "sha256-BlFKmH5kFfJ05Vm3oA23i4yhLrWdmfnyiOJFVmsCDRM=",
      "System.Text.RegularExpressions.wasm": "sha256-CiG2hkyfDXJ8qNSFJ3ezB2eR3nfPEifp0hz5+UHwlIw=",
      "System.wasm": "sha256-eod/LnITNsO959j6LrwLxPaXkS+PqOWHAzGnsOB9iHI="
    }
  },
  "cacheBootResources": true,
  "debugLevel": 0,
  "linkerEnabled": true,
  "globalizationMode": "sharded",
  "extensions": {
    "blazor": {}
  }
}